<TransferAccount>
	<Packet name="Palash Singha Roy" address="Howrah">
		<PacketName name="Palash Singha Roy" address="Howrah">reqProductChgResponse</PacketName>
		<PrintScenario>All</PrintScenario>
		<PrintLogReqRule>Y</PrintLogReqRule>
		<PrintLogResRule>Y</PrintLogResRule>
		<MaskFields>CardNo</MaskFields>
		<ResultTagName>reqProductChgResult</ResultTagName>
	</Packet>
	<Packet>
		<PacketName>MTA</PacketName>
		<PrintScenario>ALL</PrintScenario>
		<PrintLogReqRule>Y</PrintLogReqRule>
		<PrintLogResRule>N</PrintLogResRule>
		<MaskFields>CardNo,CustomerNo</MaskFields>
	</Packet>
	
	<Packet1>
		<PacketName>MTA</PacketName>
		<PrintScenario>ALL</PrintScenario>
		<PrintLogReqRule>Y</PrintLogReqRule>
		<PrintLogResRule>N</PrintLogResRule>
		<MaskFields>CardNo,CustomerNo</MaskFields>
	</Packet1>
	<Packet1>
		<PacketName>MTA</PacketName>
		<PrintScenario>ALL</PrintScenario>
		<PrintLogReqRule>Y</PrintLogReqRule>
		<PrintLogResRule>N</PrintLogResRule>
		<MaskFields>CardNo,CustomerNo</MaskFields>
	</Packet1>
	<Packet1>
		<PacketName>MTA</PacketName>
		<PrintScenario>ALL</PrintScenario>
		<PrintLogReqRule>Y</PrintLogReqRule>
		<PrintLogResRule>N</PrintLogResRule>
		<MaskFields>CardNo,CustomerNo</MaskFields>
	</Packet1>
	<Packet1>
		<PacketName>MTA</PacketName>
		<PrintScenario>ALL</PrintScenario>
		<PrintLogReqRule>Y</PrintLogReqRule>
		<PrintLogResRule>N</PrintLogResRule>
		<MaskFields>CardNo,CustomerNo</MaskFields>
	</Packet1>
	
</TransferAccount>

