<?xml version="1.0" encoding="UTF-8"?>
<DrawdownMap>
	<FileName>Drawdown</FileName>
	<Class>com.shopdirect.nce.sp.model.Drawdown</Class>
	<TableName>DRAWDOWN</TableName>
	<ColumnName>
		<Name>DRAWDOWN_ID</Name>
		<Sequence>0</Sequence>
		<ClassAttributeName>drawdownId</ClassAttributeName>
		<DataType>java.lang.String</DataType>
	</ColumnName>
	<ColumnName>
		<Name>AGREEMENT_ID</Name>
		<Sequence>1</Sequence>
		<ClassAttributeName>agreementId</ClassAttributeName>
		<DataType>java.lang.String</DataType>
	</ColumnName>
	<ColumnName>
		<Name>FN_STAT_NO</Name>
		<Sequence>2</Sequence>
		<ClassAttributeName>agreementSeqNumber</ClassAttributeName>
		<DataType>java.lang.Long</DataType>
	</ColumnName>
	<ColumnName>
		<Name>BNPL_EDATE</Name>
		<Sequence>3</Sequence>
		<ClassAttributeName>bnplEndDate</ClassAttributeName>
		<DataType>java.util.Date</DataType>
	</ColumnName>
	<ColumnName>
		<Name>DEF_INT</Name>
		<Sequence>4</Sequence>
		<ClassAttributeName>defInterestAmount</ClassAttributeName>
		<DataType>java.lang.Double</DataType>
	</ColumnName>
	<ColumnName>
		<Name>END_DATE</Name>
		<Sequence>5</Sequence>
		<ClassAttributeName>drawdownEndDate</ClassAttributeName>
		<DataType>java.util.Date</DataType>
	</ColumnName>
	<ColumnName>
		<Name>INST_AMT</Name>
		<Sequence>6</Sequence>
		<ClassAttributeName>installmentAmount</ClassAttributeName>
		<DataType>java.lang.Double</DataType>
	</ColumnName>
	<ColumnName>
		<Name>INT_RATE</Name>
		<Sequence>7</Sequence>
		<ClassAttributeName>interestRate</ClassAttributeName>
		<DataType>java.lang.Double</DataType>
	</ColumnName>
	<ColumnName>
		<Name>OPT_OUT_AMT</Name>
		<Sequence>8</Sequence>
		<ClassAttributeName>optOutAmount</ClassAttributeName>
		<DataType>java.lang.Double</DataType>
	</ColumnName>
	<ColumnName>
		<Name>OS_BAL</Name>
		<Sequence>9</Sequence>
		<ClassAttributeName>outstandingBalance</ClassAttributeName>
		<DataType>java.lang.Double</DataType>
	</ColumnName>
	<ColumnName>
		<Name>OS_CAP</Name>
		<Sequence>10</Sequence>
		<ClassAttributeName>outstandingCapital</ClassAttributeName>
		<DataType>java.lang.Double</DataType>
	</ColumnName>
	<ColumnName>
		<Name>OS_INT</Name>
		<Sequence>11</Sequence>
		<ClassAttributeName>outstandingInterestAmount</ClassAttributeName>
		<DataType>java.lang.Double</DataType>
	</ColumnName>
	<ColumnName>
		<Name>INST_AMT_INIT</Name>
		<Sequence>12</Sequence>
		<ClassAttributeName>installmentAmt</ClassAttributeName>
		<DataType>java.lang.Double</DataType>
	</ColumnName>
	<ColumnName>
		<Name>OS_BAL_INIT</Name>
		<Sequence>13</Sequence>
		<ClassAttributeName>outBalanceInt</ClassAttributeName>
		<DataType>java.lang.Double</DataType>
	</ColumnName>
	<ColumnName>
		<Name>OS_CAP_INT</Name>
		<Sequence>14</Sequence>
		<ClassAttributeName>outCapitalInt</ClassAttributeName>
		<DataType>java.lang.Double</DataType>
	</ColumnName>
	<ColumnName>
		<Name>OS_INT_INIT</Name>
		<Sequence>15</Sequence>
		<ClassAttributeName>outInterest</ClassAttributeName>
		<DataType>java.lang.Double</DataType>
	</ColumnName>
	<ColumnName>
		<Name>PLN_CUR_TERM</Name>
		<Sequence>16</Sequence>
		<ClassAttributeName>period</ClassAttributeName>
		<DataType>java.lang.Integer</DataType>
	</ColumnName>
	<ColumnName>
		<Name>PLN_TERM_PER</Name>
		<Sequence>17</Sequence>
		<ClassAttributeName>drawdownTerm</ClassAttributeName>
		<DataType>java.lang.Integer</DataType>
	</ColumnName>
	<ColumnName>
		<Name>PROD_CODE</Name>
		<Sequence>18</Sequence>
		<ClassAttributeName>prodCode</ClassAttributeName>
		<DataType>java.lang.String</DataType>
	</ColumnName>
	<ColumnName>
		<Name>RATE_TYPE</Name>
		<Sequence>19</Sequence>
		<ClassAttributeName>rateType</ClassAttributeName>
		<DataType>java.lang.String</DataType>
	</ColumnName>
	<ColumnName>
		<Name>START_DTE</Name>
		<Sequence>20</Sequence>
		<ClassAttributeName>startDate</ClassAttributeName>
		<DataType>java.util.Date</DataType>
	</ColumnName>
	<ColumnName>
		<Name>STAT_CODE</Name>
		<Sequence>21</Sequence>
		<ClassAttributeName>statCode</ClassAttributeName>
		<DataType>java.lang.String</DataType>
	</ColumnName>
	<ColumnName>
		<Name>BF_BAL</Name>
		<Sequence>22</Sequence>
		<ClassAttributeName>broughtForwardBalance</ClassAttributeName>
		<DataType>java.lang.Double</DataType>
	</ColumnName>
	<ColumnName>
		<Name>BF_INTL_BAL</Name>
		<Sequence>23</Sequence>
		<ClassAttributeName>bfInitialBalance</ClassAttributeName>
		<DataType>java.lang.Double</DataType>
	</ColumnName>
	<ColumnName>
		<Name>CLOSED_DATE</Name>
		<Sequence>24</Sequence>
		<ClassAttributeName>closedDate</ClassAttributeName>
		<DataType>java.util.Date</DataType>
	</ColumnName>
	<!--  <ColumnName>
		<Name>ANNUAL_INT_RATE</Name>
		<Sequence>25</Sequence>
		<ClassAttributeName>annualInterestRate</ClassAttributeName>
		<DataType>java.lang.Double</DataType>
	</ColumnName>
	<ColumnName>
		<Name>CRED_PROD_DESC</Name>
		<Sequence>26</Sequence>
		<ClassAttributeName>creditProductDescription</ClassAttributeName>
		<DataType>java.lang.String</DataType>
	</ColumnName>
	<ColumnName>
		<Name>ESTIMATED_INTEREST</Name>
		<Sequence>27</Sequence>
		<ClassAttributeName>estimatedInterest</ClassAttributeName>
		<DataType>java.lang.Double</DataType>
	</ColumnName>-->
	<ColumnName>
		<Name>DRAWDOWN_SETTLED_IND</Name>
		<Sequence>25</Sequence>
		<ClassAttributeName>drawdownSettledInd</ClassAttributeName>
		<DataType>java.lang.String</DataType>
	</ColumnName>
	<ColumnName>
		<Name>PROMOTION_END_DATE</Name>
		<Sequence>26</Sequence>
		<ClassAttributeName>promotionEndDate</ClassAttributeName>
		<DataType>java.util.Date</DataType>
	</ColumnName>
	<ColumnName>
		<Name>SETTLEMENT_FEE</Name>
		<Sequence>27</Sequence>
		<ClassAttributeName>settlementFee</ClassAttributeName>
		<DataType>java.lang.Double</DataType>
	</ColumnName>
</DrawdownMap>