<?xml version="1.0" encoding="UTF-8"?>
<!DOCTYPE log4j:configuration>
<Configuration status="debug" strict="true" >
  <CustomLevels>
    <CustomLevel name="DIAG" intLevel="350" />
    <CustomLevel name="NOTICE" intLevel="450" />
    <CustomLevel name="VERBOSE" intLevel="550" />
  </CustomLevels>
   <appenders>
    <Console name="Console" target="SYSTEM_OUT">
      <PatternLayout pattern="%d{HH:mm:ss.SSS} [%t] %-5level %logger{36} - %msg%n"/>
    </Console>
    <RollingFile name="app-log" fileName="logs/app.log"
                 filePattern="logs/app-%d{yyyy-MM-dd}.log">
        <!-- log pattern -->
        <PatternLayout>
            <pattern>[%-5level] %d{yyyy-MM-dd HH:mm:ss} %c{1} - %msg%n</pattern>
        </PatternLayout>
        <!-- set file size policy -->
        <Policies>
            <TimeBasedTriggeringPolicy />
            <SizeBasedTriggeringPolicy size="5 MB" />
        </Policies>
    </RollingFile>
    <RollingFile name="audit-log" fileName="logs/audit.log"
                 filePattern="logs/audit-%d{yyyy-MM-dd}.log">
        <PatternLayout>
            <pattern>[%-5level] %d{yyyy-MM-dd HH:mm:ss} %c{1} - %msg%n</pattern>
        </PatternLayout>
        <Policies>
            <TimeBasedTriggeringPolicy interval="1" modulate="true"/>
			<SizeBasedTriggeringPolicy size="5 MB" />
        </Policies>
    </RollingFile>
	    <RollingFile name="batch-log" fileName="logs/batch.log"
                 filePattern="logs/batch-%d{yyyy-MM-dd}.log">
        <PatternLayout>
            <pattern>[%-5level] %d{yyyy-MM-dd HH:mm:ss} %c{1} - %msg%n</pattern>
        </PatternLayout>
        <Policies>
            <TimeBasedTriggeringPolicy interval="1" modulate="true"/>
			<SizeBasedTriggeringPolicy size="5 MB" />
        </Policies>
    </RollingFile>
  </appenders>
     <Logger name="com.test.app" level="debug" additivity="false">
        <appender-ref ref="app-log" level="debug"/>
        <appender-ref ref="app-log" level="warn"/>
		<appender-ref ref="audit-log" level="info"/>
        <appender-ref ref="console-log" level="debug"/>
		<appender-ref ref="batch-log" level="entry"/>
    </Logger>
  <loggers>   

  <root level="trace">
        <appender-ref ref="app-log" level="debug"/>
        <appender-ref ref="app-log" level="warn"/>
		<appender-ref ref="audit-log" level="info"/>
        <appender-ref ref="console-log" level="debug"/>
        <appender-ref ref="batch-log" level="entry"/>
    </root>  
  </loggers>
</Configuration>